symbol	source_spelling	address	pdf_page	doc_page
47BUT	47BUT	011410	7	6
76BUT	76BUT	011417	7	6
76TABLE	76TABLE	011420	7	6
COPYNUM	COPYNUM	011421	7	6
CCENT	CCENT	011423	7	6
COPYPIC	COPYPIC	011424	8	7
GARBA	GARBA	011425	9	8
GARBB	GARBB	011426	9	8
MRGRU	MRGRU	011427	9	8
MERGTS	MERGTS	011432	7	6
MRGRL	MRGRL	011433	9	8
MRGTP	MRGTP	011434	9	8
MRGRTS	MRGRTS	011435	9	8
PAGE1	PAGE1	011436	7	6
SWITCH1	SWITCH1	011437	9	8
SWITCH2	SWITCH2	011440	9	8
ZZLAST	ZZLAST	011443	10	9
DESTS	DESTS	011444	8	7
STOPM3S	STOPM3S	011447	9	8
MKCN2A	MKCN2A	011450	8	7
MKCN2B	MKCN2B	011451	8	7
